metric,unit,k,pitchers_at_max_n
StuffPlus_Scaled,pitches,0.869373172993837,337
StuffPlus_Scaled[CH],pitches,1.5611801890433317,39
StuffPlus_Scaled[CS],pitches,,0
StuffPlus_Scaled[CU],pitches,0.4991772846537005,87
StuffPlus_Scaled[FC],pitches,0.981581819703214,33
StuffPlus_Scaled[FF],pitches,1.250832551811528,63
StuffPlus_Scaled[FS],pitches,1.5050720326740803,55
StuffPlus_Scaled[KC],pitches,1.4921556436953691,33
StuffPlus_Scaled[SI],pitches,0.2225260720134902,79
StuffPlus_Scaled[SL],pitches,0.9144456819882146,61
StuffPlus_Scaled[ST],pitches,0.8275092409017843,92
StuffPlus_Scaled[SV],pitches,,0
LocationPlus,pitches,286.1067794888391,337
LocationPlus[CH],pitches,84.86493492356998,39
LocationPlus[CU],pitches,98.392098052938,87
LocationPlus[FC],pitches,147.405075430421,33
LocationPlus[FF],pitches,243.96484524934348,63
LocationPlus[FO],pitches,,0
LocationPlus[FS],pitches,80.94810344881508,55
LocationPlus[KC],pitches,115.93115317105656,33
LocationPlus[SI],pitches,175.20249990147732,79
LocationPlus[SL],pitches,120.5325457952463,61
LocationPlus[ST],pitches,118.9043903902316,92
LocationPlus[SV],pitches,,0
EdgePct,pitches,5764.968763829799,337
MeatballPct,pitches,930.0729865009506,337
BBPct,PA,241.20075973972405,132
VolatilityScore[reliever],appearances,7.67690786400808,191
VolatilityScore[starter],appearances,7.243043866501108,40
