Pitcher,PitcherTeam,PitchType,Pitches,StuffPlus,OverallStuffPlus,PitcherId,StuffPlus_Scaled,OverallStuffPlus_Scaled,Swings,StuffPlus_Scaled_Reg,StuffPlus_Reliability,StuffPlus_v1,StuffPlus_Scaled_v1,PitchesThrown,OverallPitches,OverallSwings,OverallStuffPlus_Scaled_Reg,OverallStuffPlus_Reliability,OverallStuffPlus_v1,OverallStuffPlus_Scaled_v1
Bailey Falter,PIT,SI,187,171.3,95.1,663559,116.7,97.6,93.0,116.7,0.999,136.7,119.2,1757.0,1756.0,824.0,97.6,1.0,93.7,94.6
Caleb Ferguson,PIT,SV,221,153.9,105.2,657571,114.0,101.3,89.0,113.9,0.996,99.3,102.2,994.0,994.0,473.0,101.3,0.999,99.9,99.2
Andrew Heaney,PIT,CS,111,147.4,95.0,571760,107.1,97.6,27.0,107.0,0.992,101.9,107.1,2003.0,2003.0,942.0,97.6,1.0,88.1,90.4
Bailey Falter,PIT,FS,41,134.1,95.1,663559,120.9,97.6,15.0,120.2,0.965,,,1757.0,1756.0,824.0,97.6,1.0,93.7,94.6
Dauri Moreta,PIT,SL,155,132.2,110.7,664294,120.9,103.4,91.0,120.8,0.994,110.9,108.0,272.0,272.0,136.0,103.4,0.997,100.9,99.9
Kyle Nicolas,PIT,CU,145,126.1,116.4,693312,110.4,105.5,50.0,110.4,0.997,129.1,117.3,649.0,649.0,308.0,105.5,0.999,112.2,108.3
Yohan Ramírez,PIT,FF,270,123.8,118.8,670990,114.5,106.4,140.0,114.4,0.995,125.2,115.1,604.0,604.0,298.0,106.4,0.999,120.4,114.4
Kyle Nicolas,PIT,SI,2,123.2,116.4,693312,105.7,105.5,1.0,,0.9,,,649.0,649.0,308.0,105.5,0.999,112.2,108.3
Colin Holderman,PIT,FS,8,123.0,96.5,670059,114.1,98.1,4.0,,0.842,,,419.0,419.0,192.0,98.1,0.998,100.9,99.9
Bubba Chandler,PIT,FF,212,122.3,114.3,696149,113.6,104.7,114.0,113.5,0.994,127.3,116.2,395.0,395.0,202.0,104.7,0.998,117.5,112.2
Yohan Ramírez,PIT,ST,147,121.5,118.8,670990,113.3,106.4,76.0,113.2,0.994,114.7,111.7,604.0,604.0,298.0,106.4,0.999,120.4,114.4
David Bednar,PIT,FF,439,121.3,96.6,670280,113.0,98.2,229.0,113.0,0.997,114.6,109.0,1005.0,1005.0,478.0,98.2,0.999,99.6,98.9
Bubba Chandler,PIT,CU,25,121.0,114.3,696149,108.2,104.7,10.0,108.0,0.98,,,395.0,395.0,202.0,104.7,0.998,117.5,112.2
Hunter Stratton,PIT,SI,7,120.4,97.9,676702,105.1,98.6,3.0,,0.969,,,343.0,343.0,180.0,98.6,0.997,97.4,97.3
Paul Skenes,PIT,FS,366,120.0,102.1,694973,112.2,100.2,195.0,112.2,0.996,84.5,88.0,2903.0,2902.0,1432.0,100.2,1.0,102.2,100.9
Tanner Rainey,PIT,FF,106,119.1,102.7,663432,111.7,100.4,53.0,111.6,0.988,120.5,112.4,201.0,201.0,98.0,100.4,0.996,104.8,102.8
Joey Wentz,PIT,CH,63,118.9,91.7,666214,117.7,96.4,31.0,117.3,0.976,110.4,111.9,1759.0,1759.0,855.0,96.4,1.0,96.7,96.8
Johan Oviedo,PIT,FF,246,116.8,101.1,670912,110.4,99.8,97.0,110.3,0.995,123.8,114.3,665.0,665.0,281.0,99.8,0.999,105.6,103.4
Kyle Nicolas,PIT,FF,330,115.7,116.4,693312,109.7,105.5,168.0,109.7,0.996,104.5,103.3,649.0,649.0,308.0,105.5,0.999,112.2,108.3
Cam Sanders,PIT,CH,18,115.5,106.7,676742,114.6,101.9,7.0,113.4,0.92,,,147.0,147.0,65.0,101.9,0.994,111.3,107.6
Carmen Mlodzinski,PIT,CU,134,115.0,95.9,669387,105.8,97.9,52.0,105.8,0.996,121.5,112.9,1531.0,1531.0,703.0,97.9,0.999,95.3,95.8
Justin Lawrence,PIT,FF,19,114.5,97.3,664875,109.0,98.4,11.0,108.4,0.938,,,240.0,240.0,100.0,98.4,0.996,105.0,102.9
Braxton Ashcraft,PIT,SI,163,114.1,104.0,677952,103.7,100.9,88.0,103.7,0.999,115.5,108.4,1102.0,1102.0,552.0,100.9,0.999,104.3,102.4
Yohan Ramírez,PIT,CU,116,113.6,118.8,670990,105.2,106.4,44.0,105.2,0.996,114.7,109.0,604.0,604.0,298.0,106.4,0.999,120.4,114.4
Cam Sanders,PIT,FF,77,112.3,106.7,676742,107.7,101.9,34.0,107.6,0.984,111.3,107.2,147.0,147.0,65.0,101.9,0.994,111.3,107.6
Braxton Ashcraft,PIT,CU,232,111.1,104.0,677952,104.2,100.9,82.0,104.2,0.998,113.9,108.6,1102.0,1102.0,552.0,100.9,0.999,104.3,102.4
Ryan Borucki,PIT,FS,94,110.8,101.9,621366,106.6,100.1,50.0,106.5,0.984,132.4,127.8,554.0,554.0,255.0,100.1,0.998,106.7,104.2
Andrew Heaney,PIT,SL,336,110.6,95.0,571760,106.7,97.6,163.0,106.7,0.997,110.8,108.0,2003.0,2003.0,942.0,97.6,1.0,88.1,90.4
Ryan Borucki,PIT,SL,228,110.5,101.9,621366,106.6,100.1,111.0,106.6,0.996,101.5,101.3,554.0,554.0,255.0,100.1,0.998,106.7,104.2
Yohan Ramírez,PIT,SL,23,110.1,118.8,670990,106.4,106.4,13.0,106.2,0.962,,,604.0,604.0,298.0,106.4,0.999,120.4,114.4
Kyle Nicolas,PIT,SL,171,109.5,116.4,693312,106.0,105.5,89.0,106.0,0.995,117.4,112.7,649.0,649.0,308.0,105.5,0.999,112.2,108.3
Joey Wentz,PIT,SL,462,109.5,91.7,666214,106.0,96.4,242.0,106.0,0.998,105.2,103.9,1759.0,1759.0,855.0,96.4,1.0,96.7,96.8
Colin Holderman,PIT,SL,2,108.0,96.5,670059,105.0,98.1,1.0,,0.686,,,419.0,419.0,192.0,98.1,0.998,100.9,99.9
Michael Darrell-Hicks,PIT,FC,53,107.6,95.8,690382,104.8,97.9,21.0,104.7,0.982,,,158.0,158.0,69.0,97.9,0.995,85.4,88.4
Justin Lawrence,PIT,SI,99,107.5,97.3,664875,102.2,98.4,40.0,102.2,0.998,119.5,110.5,240.0,240.0,100.0,98.4,0.996,105.0,102.9
Mike Burrows,PIT,CU,183,107.5,97.1,681347,102.7,98.3,47.0,102.7,0.997,100.9,101.1,1537.0,1534.0,743.0,98.3,0.999,94.6,95.2
Bubba Chandler,PIT,SL,64,106.5,114.3,696149,104.0,104.7,34.0,103.9,0.986,107.1,105.3,395.0,395.0,202.0,104.7,0.998,117.5,112.2
Hunter Barco,PIT,FF,23,106.1,100.2,682995,104.1,99.5,12.0,,0.948,,,33.0,33.0,18.0,,0.974,,
Paul Skenes,PIT,FF,1132,104.5,102.1,694973,103.1,100.2,589.0,103.1,0.999,113.0,108.1,2903.0,2902.0,1432.0,100.2,1.0,102.2,100.9
Chase Shugart,PIT,FC,176,104.4,93.3,663767,103.1,96.9,86.0,103.1,0.994,103.3,103.3,692.0,692.0,301.0,96.9,0.999,93.1,94.1
Mitch Keller,PIT,SL,385,104.3,94.5,656605,102.6,97.4,211.0,102.6,0.998,102.3,101.8,2781.0,2781.0,1348.0,97.4,1.0,92.2,93.5
Hunter Stratton,PIT,SL,99,103.6,97.9,676702,102.1,98.6,51.0,102.1,0.991,101.5,101.3,343.0,343.0,180.0,98.6,0.997,97.4,97.3
Braxton Ashcraft,PIT,FF,327,103.5,104.0,677952,102.5,100.9,161.0,102.5,0.996,101.4,101.6,1102.0,1102.0,552.0,100.9,0.999,104.3,102.4
Yohan Ramírez,PIT,SI,40,103.4,118.8,670990,101.2,106.4,19.0,101.2,0.994,,,604.0,604.0,298.0,106.4,0.999,120.4,114.4
Tim Mayza,PIT,SL,79,103.3,90.9,641835,101.9,96.1,37.0,101.9,0.989,107.2,105.4,261.0,261.0,120.0,96.1,0.997,106.6,104.1
Cam Sanders,PIT,ST,15,102.0,106.7,676742,101.7,101.9,5.0,101.6,0.948,,,147.0,147.0,65.0,101.9,0.994,111.3,107.6
Paul Skenes,PIT,SI,310,101.5,102.1,694973,100.8,100.2,143.0,100.8,0.999,99.1,100.1,2903.0,2902.0,1432.0,100.2,1.0,102.2,100.9
Evan Sisk,PIT,FF,66,101.4,86.0,681895,101.3,94.3,27.0,101.3,0.981,122.1,113.3,329.0,329.0,126.0,94.3,0.997,105.5,103.3
Johan Oviedo,PIT,SI,61,100.7,101.1,670912,100.6,99.8,26.0,100.6,0.996,108.6,104.9,665.0,665.0,281.0,99.8,0.999,105.6,103.4
Dauri Moreta,PIT,CH,2,100.4,110.7,664294,101.2,103.4,0.0,,0.562,,,272.0,272.0,136.0,103.4,0.997,100.9,99.9
Isaac Mattson,PIT,FF,593,100.4,97.6,676755,100.7,98.5,295.0,100.7,0.998,95.6,98.3,754.0,754.0,380.0,98.5,0.999,94.1,94.9
Génesis Cabrera,PIT,SI,174,100.2,90.7,650893,100.5,96.0,71.0,100.5,0.999,115.2,108.3,704.0,704.0,335.0,96.0,0.999,104.3,102.4
Bubba Chandler,PIT,CH,94,99.8,114.3,696149,100.6,104.7,44.0,100.6,0.984,100.0,101.3,395.0,395.0,202.0,104.7,0.998,117.5,112.2
Colin Holderman,PIT,FC,109,99.2,96.5,670059,100.3,98.1,52.0,100.3,0.991,103.9,103.8,419.0,419.0,192.0,98.1,0.998,100.9,99.9
Joey Wentz,PIT,FC,143,98.5,91.7,666214,99.9,96.4,73.0,99.9,0.993,113.5,112.5,1759.0,1759.0,855.0,96.4,1.0,96.7,96.8
Mitch Keller,PIT,CH,189,98.2,94.5,656605,99.2,97.4,97.0,99.2,0.992,96.4,97.6,2781.0,2781.0,1348.0,97.4,1.0,92.2,93.5
Carmen Mlodzinski,PIT,ST,171,98.1,95.9,669387,99.4,97.9,69.0,99.4,0.995,96.5,98.5,1531.0,1531.0,703.0,97.9,0.999,95.3,95.8
Evan Sisk,PIT,FC,34,98.0,86.0,681895,99.7,94.3,9.0,99.7,0.972,,,329.0,329.0,126.0,94.3,0.997,105.5,103.3
Carmen Mlodzinski,PIT,SL,205,97.7,95.9,669387,98.2,97.9,108.0,98.2,0.996,94.1,95.9,1531.0,1531.0,703.0,97.9,0.999,95.3,95.8
Colin Holderman,PIT,SI,169,97.5,96.5,670059,99.9,98.1,76.0,99.9,0.999,103.1,102.1,419.0,419.0,192.0,98.1,0.998,100.9,99.9
Mike Burrows,PIT,FF,600,97.3,97.1,681347,98.9,98.3,296.0,98.9,0.998,93.3,97.0,1537.0,1534.0,743.0,98.3,0.999,94.6,95.2
Mitch Keller,PIT,CU,206,97.3,94.5,656605,98.5,97.4,61.0,98.5,0.998,91.9,95.9,2781.0,2781.0,1348.0,97.4,1.0,92.2,93.5
Carmen Mlodzinski,PIT,SI,228,97.2,95.9,669387,99.8,97.9,89.0,99.8,0.999,98.7,99.9,1531.0,1531.0,703.0,97.9,0.999,95.3,95.8
Caleb Ferguson,PIT,FC,231,97.1,105.2,657571,99.2,101.3,124.0,99.2,0.996,106.4,106.1,994.0,994.0,473.0,101.3,0.999,99.9,99.2
Michael Darrell-Hicks,PIT,ST,30,97.1,95.8,690382,98.8,97.9,13.0,98.8,0.973,,,158.0,158.0,69.0,97.9,0.995,85.4,88.4
Mike Burrows,PIT,CH,364,96.9,97.1,681347,98.0,98.3,217.0,98.0,0.996,94.3,95.5,1537.0,1534.0,743.0,98.3,0.999,94.6,95.2
Johan Oviedo,PIT,CH,39,96.8,101.1,670912,97.9,99.8,18.0,98.0,0.962,,,665.0,665.0,281.0,99.8,0.999,105.6,103.4
Hunter Stratton,PIT,FS,4,96.8,97.9,676702,98.0,98.6,1.0,,0.727,,,343.0,343.0,180.0,98.6,0.997,97.4,97.3
Paul Skenes,PIT,ST,473,96.7,102.1,694973,98.5,100.2,219.0,98.5,0.998,98.1,99.6,2903.0,2902.0,1432.0,100.2,1.0,102.2,100.9
Johan Oviedo,PIT,SL,214,96.6,101.1,670912,97.5,99.8,99.0,97.5,0.996,95.9,97.2,665.0,665.0,281.0,99.8,0.999,105.6,103.4
Braxton Ashcraft,PIT,SL,344,96.5,104.0,677952,97.4,100.9,204.0,97.4,0.997,98.0,98.7,1102.0,1102.0,552.0,100.9,0.999,104.3,102.4
Dennis Santana,PIT,CH,59,96.5,92.6,642701,97.7,96.7,27.0,97.8,0.974,91.5,92.7,957.0,957.0,495.0,96.7,0.999,90.7,92.4
Mitch Keller,PIT,SI,501,96.3,94.5,656605,99.6,97.4,218.0,99.6,1.0,89.9,95.4,2781.0,2781.0,1348.0,97.4,1.0,92.2,93.5
Génesis Cabrera,PIT,FF,163,96.2,90.7,650893,98.2,96.0,89.0,98.2,0.992,110.1,106.5,704.0,704.0,335.0,96.0,0.999,104.3,102.4
Hunter Stratton,PIT,FC,73,96.0,97.9,676702,98.6,98.6,36.0,98.6,0.987,97.4,98.0,343.0,343.0,180.0,98.6,0.997,97.4,97.3
Mitch Keller,PIT,ST,532,95.2,94.5,656605,97.7,97.4,281.0,97.7,0.998,95.2,97.5,2781.0,2781.0,1348.0,97.4,1.0,92.2,93.5
Paul Skenes,PIT,SL,162,95.1,102.1,694973,96.5,100.2,71.0,96.5,0.994,89.6,92.7,2903.0,2902.0,1432.0,100.2,1.0,102.2,100.9
Dennis Santana,PIT,SI,83,94.3,92.6,642701,99.2,96.7,41.0,99.2,0.997,87.0,93.9,957.0,957.0,495.0,96.7,0.999,90.7,92.4
Hunter Stratton,PIT,FF,160,94.2,97.9,676702,97.0,98.6,89.0,97.0,0.992,95.0,97.9,343.0,343.0,180.0,98.6,0.997,97.4,97.3
Tom Harrington,PIT,FS,20,94.1,81.2,802419,96.3,92.5,9.0,96.6,0.93,,,173.0,173.0,86.0,92.5,0.995,73.5,79.6
Chase Shugart,PIT,FF,128,94.1,93.3,663767,97.0,96.9,46.0,97.0,0.99,92.0,96.3,692.0,692.0,301.0,96.9,0.999,93.1,94.1
Dennis Santana,PIT,FF,269,92.9,92.6,642701,96.3,96.7,138.0,96.3,0.995,88.9,94.5,957.0,957.0,495.0,96.7,0.999,90.7,92.4
Andrew Heaney,PIT,CH,345,92.9,95.0,571760,94.5,97.6,172.0,94.5,0.995,83.1,84.1,2003.0,2003.0,942.0,97.6,1.0,88.1,90.4
Cam Sanders,PIT,SL,37,92.8,106.7,676742,95.0,101.9,19.0,95.1,0.976,,,147.0,147.0,65.0,101.9,0.994,111.3,107.6
Andrew Heaney,PIT,CU,113,92.7,95.0,571760,96.6,97.6,54.0,96.6,0.996,84.0,91.3,2003.0,2003.0,942.0,97.6,1.0,88.1,90.4
Mike Burrows,PIT,SL,300,92.5,97.1,681347,94.8,98.3,137.0,94.8,0.997,95.4,96.9,1537.0,1534.0,743.0,98.3,0.999,94.6,95.2
Andrew Heaney,PIT,SI,234,92.3,95.0,571760,98.7,97.6,105.0,98.7,0.999,102.1,101.6,2003.0,2003.0,942.0,97.6,1.0,88.1,90.4
Dennis Santana,PIT,FC,99,92.2,92.6,642701,96.6,96.7,33.0,96.6,0.99,95.4,96.1,957.0,957.0,495.0,96.7,0.999,90.7,92.4
Ryan Borucki,PIT,ST,87,91.7,101.9,621366,95.6,100.1,30.0,95.6,0.991,91.1,94.6,554.0,554.0,255.0,100.1,0.998,106.7,104.2
Dennis Santana,PIT,SL,447,91.6,92.6,642701,94.2,96.7,256.0,94.2,0.998,91.6,94.1,957.0,957.0,495.0,96.7,0.999,90.7,92.4
Carmen Mlodzinski,PIT,FF,559,91.5,95.9,669387,95.4,97.9,256.0,95.4,0.998,87.0,93.4,1531.0,1531.0,703.0,97.9,0.999,95.3,95.8
Mike Burrows,PIT,SI,87,91.4,97.1,681347,98.5,98.3,46.0,98.5,0.997,95.1,98.0,1537.0,1534.0,743.0,98.3,0.999,94.6,95.2
Carmen Mlodzinski,PIT,FS,233,91.2,95.9,669387,94.5,97.9,128.0,94.5,0.994,99.0,100.0,1531.0,1531.0,703.0,97.9,0.999,95.3,95.8
Isaac Mattson,PIT,CH,87,91.1,97.6,676755,92.9,98.5,50.0,93.0,0.982,88.8,89.9,754.0,754.0,380.0,98.5,0.999,94.1,94.9
Colin Holderman,PIT,ST,114,91.1,96.5,670059,95.2,98.1,50.0,95.2,0.993,94.3,96.9,419.0,419.0,192.0,98.1,0.998,100.9,99.9
Tom Harrington,PIT,FC,20,91.1,81.2,802419,96.0,92.5,11.0,96.2,0.953,,,173.0,173.0,86.0,92.5,0.995,73.5,79.6
Colin Holderman,PIT,FF,17,91.0,96.5,670059,95.1,98.1,9.0,95.4,0.931,,,419.0,419.0,192.0,98.1,0.998,100.9,99.9
Paul Skenes,PIT,CH,316,90.9,102.1,694973,92.7,100.2,167.0,92.7,0.995,98.5,99.8,2903.0,2902.0,1432.0,100.2,1.0,102.2,100.9
Chase Shugart,PIT,ST,199,90.8,93.3,663767,95.0,96.9,87.0,95.0,0.996,88.0,92.3,692.0,692.0,301.0,96.9,0.999,93.1,94.1
Joey Wentz,PIT,CU,317,90.3,91.7,666214,95.6,96.4,149.0,95.6,0.998,88.7,94.0,1759.0,1759.0,855.0,96.4,1.0,96.7,96.8
Caleb Ferguson,PIT,FF,306,90.0,105.2,657571,94.5,101.3,153.0,94.5,0.996,91.4,95.9,994.0,994.0,473.0,101.3,0.999,99.9,99.2
Michael Darrell-Hicks,PIT,FF,7,89.8,95.8,690382,94.4,97.9,5.0,,0.848,,,158.0,158.0,69.0,97.9,0.995,85.4,88.4
Paul Skenes,PIT,CU,143,89.6,102.1,694973,95.3,100.2,48.0,95.3,0.997,100.9,101.1,2903.0,2902.0,1432.0,100.2,1.0,102.2,100.9
Bailey Falter,PIT,FF,948,89.4,95.1,663559,94.2,97.6,457.0,94.2,0.999,87.8,93.9,1757.0,1756.0,824.0,97.6,1.0,93.7,94.6
Braxton Ashcraft,PIT,CH,36,89.2,104.0,677952,91.2,100.9,17.0,91.6,0.958,,,1102.0,1102.0,552.0,100.9,0.999,104.3,102.4
Ryan Borucki,PIT,SI,145,88.7,101.9,621366,97.9,100.1,64.0,97.9,0.998,103.1,102.1,554.0,554.0,255.0,100.1,0.998,106.7,104.2
Mitch Keller,PIT,FF,965,88.0,94.5,656605,93.4,97.4,479.0,93.4,0.999,86.1,92.9,2781.0,2781.0,1348.0,97.4,1.0,92.2,93.5
Tom Harrington,PIT,ST,39,87.9,81.2,802419,93.3,92.5,15.0,93.4,0.979,,,173.0,173.0,86.0,92.5,0.995,73.5,79.6
Génesis Cabrera,PIT,FS,82,87.9,90.7,650893,92.5,96.0,42.0,92.6,0.982,107.8,107.4,704.0,704.0,335.0,96.0,0.999,104.3,102.4
Caleb Ferguson,PIT,SI,236,87.2,105.2,657571,97.5,101.3,107.0,97.5,0.999,104.9,103.0,994.0,994.0,473.0,101.3,0.999,99.9,99.2
Chase Shugart,PIT,SI,140,87.1,93.3,663767,97.5,96.9,62.0,97.5,0.998,86.9,93.8,692.0,692.0,301.0,96.9,0.999,93.1,94.1
Génesis Cabrera,PIT,FC,146,86.9,90.7,650893,93.8,96.0,75.0,93.8,0.993,98.9,99.3,704.0,704.0,335.0,96.0,0.999,104.3,102.4
Hunter Barco,PIT,SL,10,86.7,100.2,682995,91.0,99.5,6.0,,0.916,,,33.0,33.0,18.0,,0.974,,
Michael Darrell-Hicks,PIT,SI,68,86.6,95.8,690382,97.4,97.9,30.0,97.4,0.997,85.4,93.1,158.0,158.0,69.0,97.9,0.995,85.4,88.4
Justin Lawrence,PIT,ST,122,86.4,97.3,664875,92.4,98.4,49.0,92.5,0.993,93.2,96.1,240.0,240.0,100.0,98.4,0.996,105.0,102.9
Tim Mayza,PIT,SI,173,86.0,90.9,641835,97.3,96.1,79.0,97.3,0.999,106.3,103.7,261.0,261.0,120.0,96.1,0.997,106.6,104.1
Tom Harrington,PIT,SI,13,85.0,81.2,802419,97.0,92.5,6.0,,0.983,,,173.0,173.0,86.0,92.5,0.995,73.5,79.6
Mitch Keller,PIT,FC,3,85.0,94.5,656605,92.8,97.4,1.0,,0.753,,,2781.0,2781.0,1348.0,97.4,1.0,92.2,93.5
Tanner Rainey,PIT,SL,95,84.3,102.7,663432,89.4,100.4,45.0,89.5,0.99,86.4,90.4,201.0,201.0,98.0,100.4,0.996,104.8,102.8
Andrew Heaney,PIT,FF,864,84.0,95.0,571760,91.0,97.6,421.0,91.0,0.999,77.6,88.1,2003.0,2003.0,942.0,97.6,1.0,88.1,90.4
Isaac Mattson,PIT,SL,65,83.7,97.6,676755,89.0,98.5,34.0,89.2,0.986,89.0,92.3,754.0,754.0,380.0,98.5,0.999,94.1,94.9
Bailey Falter,PIT,SL,338,82.5,95.1,663559,88.2,97.6,175.0,88.2,0.997,88.5,91.9,1757.0,1756.0,824.0,97.6,1.0,93.7,94.6
Dauri Moreta,PIT,FF,115,81.8,110.7,664294,89.7,103.4,45.0,89.8,0.989,80.8,89.9,272.0,272.0,136.0,103.4,0.997,100.9,99.9
Evan Sisk,PIT,SL,4,81.0,86.0,681895,87.3,94.3,0.0,,0.814,,,329.0,329.0,126.0,94.3,0.997,105.5,103.3
Evan Sisk,PIT,SI,103,80.6,86.0,681895,96.0,94.3,37.0,96.0,0.998,97.5,99.2,329.0,329.0,126.0,94.3,0.997,105.5,103.3
Evan Sisk,PIT,CU,34,80.5,86.0,681895,91.5,94.3,14.0,91.6,0.986,,,329.0,329.0,126.0,94.3,0.997,105.5,103.3
Chase Shugart,PIT,CH,49,79.7,93.3,663767,82.7,96.9,20.0,83.2,0.969,,,692.0,692.0,301.0,96.9,0.999,93.1,94.1
Carmen Mlodzinski,PIT,FC,1,79.7,95.9,669387,89.9,97.9,1.0,,0.505,,,1531.0,1531.0,703.0,97.9,0.999,95.3,95.8
David Bednar,PIT,CU,363,78.9,96.6,670280,90.9,98.2,120.0,90.9,0.999,83.8,91.2,1005.0,1005.0,478.0,98.2,0.999,99.6,98.9
Evan Sisk,PIT,ST,88,78.3,86.0,681895,87.6,94.3,39.0,87.7,0.991,101.6,102.2,329.0,329.0,126.0,94.3,0.997,105.5,103.3
Joey Wentz,PIT,FF,774,78.1,91.7,666214,87.5,96.4,360.0,87.5,0.998,89.6,94.9,1759.0,1759.0,855.0,96.4,1.0,96.7,96.8
Génesis Cabrera,PIT,CU,139,77.9,90.7,650893,90.5,96.0,58.0,90.5,0.996,86.3,92.7,704.0,704.0,335.0,96.0,0.999,104.3,102.4
Kyle Nicolas,PIT,CH,1,77.3,116.4,693312,80.6,105.5,0.0,,0.39,,,649.0,649.0,308.0,105.5,0.999,112.2,108.3
Isaac Mattson,PIT,CU,9,77.2,97.6,676755,90.2,98.5,1.0,,0.947,,,754.0,754.0,380.0,98.5,0.999,94.1,94.9
Tim Mayza,PIT,FF,9,76.7,90.9,641835,86.7,96.1,4.0,,0.878,,,261.0,261.0,120.0,96.1,0.997,106.6,104.1
Yohan Ramírez,PIT,FC,8,76.4,118.8,670990,88.2,106.4,6.0,,0.891,,,604.0,604.0,298.0,106.4,0.999,120.4,114.4
Johan Oviedo,PIT,CU,105,75.2,101.1,670912,89.3,99.8,41.0,89.4,0.995,83.9,91.3,665.0,665.0,281.0,99.8,0.999,105.6,103.4
David Bednar,PIT,FS,203,74.6,96.6,670280,84.3,98.2,129.0,84.4,0.993,87.7,90.7,1005.0,1005.0,478.0,98.2,0.999,99.6,98.9
Bailey Falter,PIT,CU,225,72.0,95.1,663559,88.0,97.6,78.0,88.0,0.998,88.9,94.2,1757.0,1756.0,824.0,97.6,1.0,93.7,94.6
Tom Harrington,PIT,FF,81,71.8,81.2,802419,83.8,92.5,45.0,84.0,0.985,73.5,85.8,173.0,173.0,86.0,92.5,0.995,73.5,79.6
Bailey Falter,PIT,SV,17,40.8,95.1,663559,82.9,97.6,6.0,83.7,0.951,,,1757.0,1756.0,824.0,97.6,1.0,93.7,94.6
