PitcherId,Team,ListedSalary,TeamPaid2025
669203,AZ,35000000,
593958,AZ,20000000,
668678,AZ,13500000,
518876,AZ,7000000,4779570.0
657044,AZ,2965000,
640462,AZ,2950000,
656464,AZ,2425000,
679885,AZ,1900000,
573009,AZ,1700000,
656222,AZ,1250000,
608665,AZ,1250000,
571946,AZ,1000000,682796.0
669194,AZ,825000,
694297,AZ,799400,
622663,ATH,20000000,
605488,ATH,10500000,
600917,ATH,10000000,
519008,ATH,1800000,
656794,ATH,1000000,
682052,ATH,770000,
680684,ATH,760000,
519242,ATL,22000000,
628452,ATL,16000000,
607200,ATL,7500000,
572955,ATL,7000000,
664747,ATL,4500000,
675911,ATL,4000000,
607481,ATL,3500000,
615698,ATL,3500000,
641755,ATL,3000000,
606303,ATL,2995000,
641540,ATL,2660000,
660853,ATL,1400000,
660761,ATL,1100000,
669276,ATL,1025000,
693821,ATL,780000,
666214,ATL,775000,
680885,ATL,770000,
700363,ATL,770000,
656550,ATL,770000,
694462,ATL,762000,
593576,ATL,75269,
518886,ATL,44444,
621107,BAL,18000000,
450203,BAL,15000000,10241935.0
608372,BAL,13000000,
552640,BAL,9000000,6145161.0
622554,BAL,8000000,5376344.0
642397,BAL,5350000,3480376.0
502043,BAL,5250000,
665152,BAL,2950000,
669432,BAL,2600000,
680694,BAL,2350000,
672335,BAL,2200000,
669330,BAL,2075000,
669211,BAL,1475000,
642585,BAL,1000000,
544150,BAL,825000,
666974,BAL,772900,
700249,BAL,766100,
608650,BAL,638441,
608337,BOS,19000000,
621111,BOS,18050000,
663855,BOS,12500000,
571927,BOS,12500000,
547973,BOS,10750000,
521230,BOS,6000000,
676477,BOS,5500000,
656557,BOS,3950000,
676979,BOS,3800000,
678394,BOS,2666667,
458677,BOS,2250000,
669160,BOS,2135000,
681867,BOS,1000000,
656794,BOS,1000000,333333.0
670174,BOS,780000,
686580,BOS,776000,
657514,BOS,774000,
669711,BOS,774000,
592791,CHC,18000000,
519151,CHC,14000000,
684007,CHC,13750000,
573124,CHC,12000000,
571510,CHC,10000000,
552640,CHC,9000000,
647336,CHC,9000000,
650644,CHC,8000000,
657006,CHC,6550000,
518489,CHC,4500000,
607067,CHC,4250000,
573204,CHC,2750000,
641745,CHC,1500000,
663878,CHC,1350000,
623167,CHC,1225806,
657240,CHC,1225000,
519141,CHC,1000000,
665871,CHC,793250,
694037,CHC,765000,
690990,CHC,760000,
607259,CIN,21050000,
573124,CIN,12000000,8129032.0
663903,CIN,8750000,
641941,CIN,8000000,
668881,CIN,6333333,
641793,CIN,5720000,
608718,CIN,2250000,
666157,CIN,1975000,
489119,CIN,1572581,
605130,CIN,1500000,
664139,CIN,1300000,
594580,CIN,1007500,
663574,CIN,1000000,
668933,CIN,780000,
671096,CIN,770000,
695505,CIN,760000,
669456,CLE,10000000,6827957.0
623149,CLE,6000000,3413978.0
661403,CLE,4900000,
596001,CLE,4500000,
676440,CLE,3400000,
594902,CLE,2250000,
672578,CLE,1160000,
671922,CLE,785100,
682847,CLE,782600,
668909,CLE,780300,
683769,CLE,778900,
682120,CLE,777300,
671106,CLE,777200,
677944,CLE,765000,
681870,CLE,764700,
676282,CLE,762800,
663671,CLE,760000,
800048,CLE,760000,
607536,COL,16000000,
622608,COL,12000000,
608566,COL,10000000,
596295,COL,6350000,
641755,COL,3000000,2032258.0
663372,COL,2275000,
518397,COL,2000000,
623474,COL,850000,
680767,COL,765000,
678020,COL,762000,
527048,CWS,3500000,
669060,CWS,1050000,
605288,CWS,958065,529829.0
621051,CWS,950000,
682171,CWS,780000,
681343,CWS,760000,
691799,CWS,760000,
656186,CWS,655914,
641302,CWS,461720,
656427,DET,25000000,
450203,DET,15000000,
606160,DET,11500000,
669373,DET,10150000,
628317,DET,10000000,
592454,DET,7750000,
663978,DET,7500000,
623149,DET,6000000,
640448,DET,6000000,
663554,DET,2340000,
605154,DET,2250000,
676684,DET,1400000,
689225,DET,1025000,
663947,DET,797700,
681857,DET,787100,
676428,DET,767100,
669724,DET,766000,
695549,DET,760900,
675512,DET,760000,
592426,DET,265591,
623352,HOU,19000000,
664285,HOU,18000000,
621121,HOU,17700000,
606160,HOU,11500000,803763.0
664299,HOU,10400000,
650556,HOU,3450000,
677651,HOU,1875000,
595345,HOU,1200000,
686613,HOU,807400,
669854,HOU,802700,
681293,HOU,794200,
656986,HOU,780000,
669713,HOU,779800,
672391,HOU,770000,
687911,HOU,766400,
608379,KC,18000000,
607625,KC,15000000,
608032,KC,10100000,
547179,KC,5500000,
608717,KC,4500000,
640451,KC,3700000,
663460,KC,3000000,
670167,KC,2300000,
663559,KC,2222000,
666142,KC,1083333,
669674,KC,950000,
663738,KC,782500,
672582,KC,779000,
668674,KC,776750,
674444,KC,765000,
663568,KC,765000,
702070,KC,760000,
686701,KC,760000,
579328,LAA,21000000,
542881,LAA,13000000,
596112,LAA,11000000,
445276,LAA,10000000,
543294,LAA,2500000,
672282,LAA,1825000,
656271,LAA,1150000,
605177,LAA,1000000,
667755,LAA,790000,
666171,LAA,770000,
472610,LAA,339140,
605483,LAD,36400000,
607192,LAD,30000000,
656945,LAD,16000000,
808967,LAD,14166667,
489446,LAD,13000000,
595014,LAD,8500000,
477132,LAD,7500000,
664062,LAD,5400000,
656629,LAD,5200000,
681911,LAD,2250000,
669160,LAD,2135000,1457769.0
472610,LAD,1500000,
607455,LAD,1000000,
592779,LAD,870000,
686218,LAD,780000,
676508,LAD,762500,
683618,LAD,762500,
808963,LAD,760000,
676263,LAD,760000,
608717,LAD,57204,
645261,MIA,17300000,
615698,MIA,3500000,2784946.0
665795,MIA,1950000,
669622,MIA,1420000,
677960,MIA,779100,
678692,MIA,778000,
676534,MIA,775500,
676083,MIA,770000,
691587,MIA,769500,
676974,MIA,768000,
687473,MIA,760000,
642547,MIL,8000000,
641482,MIL,7600000,5189247.0
605540,MIL,5000000,
676879,MIL,3450000,
606303,MIL,2995000,2898387.0
500779,MIL,2250000,
656730,MIL,1940000,
571946,MIL,1000000,
641302,MIL,1000000,
683232,MIL,963000,
668964,MIL,781800,
657649,MIL,776300,
669084,MIL,766100,
682842,MIL,762200,
701656,MIL,760000,
694477,MIL,760000,
694819,MIL,760000,
641154,MIN,21750000,
663978,MIN,7500000,5000000.0
661395,MIN,4125000,2794355.0
641927,MIN,3550000,
657746,MIN,3000000,
543056,MIN,3000000,2048387.0
643377,MIN,2365000,1614812.0
623437,MIN,1000000,
543859,MIN,1000000,
592779,MIN,870000,594032.0
663485,MIN,778050,
671737,MIN,774200,
680573,MIN,768250,
640455,NYM,25000000,
621242,NYM,21500000,
593423,NYM,17000000,
673540,NYM,15666667,
605280,NYM,13000000,
621345,NYM,11000000,
664854,NYM,8200000,
642397,NYM,5350000,
643511,NYM,5250000,
656849,NYM,4625000,
592773,NYM,4500000,
656288,NYM,4250000,
621112,NYM,4050000,
656731,NYM,1975000,
548384,NYM,1500000,
657585,NYM,950000,
681810,NYM,785000,
623211,NYM,778000,
668820,NYM,771000,
690997,NYM,760000,
607074,NYY,27833333,
573186,NYY,18500000,
608331,NYY,14500000,
642207,NYY,8600000,
670280,NYY,5900000,
642528,NYY,5000000,
666808,NYY,4525000,
657376,NYY,3600000,
657612,NYY,2500000,
596133,NYY,2500000,
643410,NYY,2050000,
642232,NYY,2000000,
664141,NYY,1820000,
641656,NYY,941050,
661563,NYY,804125,
664123,NYY,800000,
518585,NYY,785000,
656234,NYY,770000,
701542,NYY,767600,
693645,NYY,760000,
471911,NYY,346774,
621112,NYY,159355,
554430,PHI,42000000,
605400,PHI,24571429,
592836,PHI,18000000,
624133,PHI,8800000,
605447,PHI,8500000,
621381,PHI,7500000,
666200,PHI,6225000,
502085,PHI,6000000,
621237,PHI,4516667,
661395,PHI,4125000,
605452,PHI,4000000,
650911,PHI,2500000,
614179,PHI,1225000,480780.0
641835,PHI,1150000,
621383,PHI,785500,
689147,PHI,773000,
621111,PHI,69462,
656605,PIT,15411500,15411500.0
670280,PIT,5900000,4028520.0
571760,PIT,5250000,5291828.0
657571,PIT,3000000,2016129.0
663559,PIT,2222000,1517186.0
670059,PIT,1500000,1500000.0
642701,PIT,1400000,1400000.0
621366,PIT,1150000,1039677.0
641835,PIT,1150000,1308333.0
664875,PIT,975000,975000.0
694973,PIT,875000,875000.0
670912,PIT,850000,850000.0
664294,PIT,785000,594452.0
669387,PIT,775000,723038.0
666214,PIT,775000,316667.0
677952,PIT,760000,554806.0
681347,PIT,760000,578746.0
650893,PIT,760000,346774.0
696149,PIT,760000,155269.0
690382,PIT,760000,403005.0
676755,PIT,760000,504768.0
693312,PIT,760000,533788.0
670990,PIT,760000,322794.0
676742,PIT,760000,91355.0
663767,PIT,760000,594267.0
681895,PIT,760000,141898.0
676702,PIT,760000,128548.0
663432,PIT,237634,230645.0
506433,SD,21000000,
656302,SD,13750000,
663158,SD,10000000,
641482,SD,7600000,
673513,SD,5500000,
592094,SD,4800000,
593974,SD,4250000,
650633,SD,4000000,
601713,SD,2500000,
670970,SD,2000000,
606996,SD,1000000,
663773,SD,784000,
669093,SD,776500,
676664,SD,770000,
695243,SD,765000,
688158,SD,760000,
622491,SEA,24150000,
669302,SEA,7625000,
669923,SEA,4300000,
657571,SEA,3000000,
662253,SEA,2500000,
663423,SEA,2000000,
642048,SEA,937500,
660825,SEA,892700,
642100,SEA,845000,
682243,SEA,800000,
693433,SEA,783300,
666374,SEA,777600,
666619,SEA,771100,
592662,SF,25000000,
434378,SF,15000000,
663855,SF,12500000,5225806.0
657277,SF,12000000,
643511,SF,5250000,3556452.0
666808,SF,4525000,3089651.0
676130,SF,784250,
669062,SF,780000,
676254,SF,780000,
678495,SF,770000,
694738,SF,765000,
687931,SF,760000,
642152,SF,354839,
641793,TB,5720000,3874839.0
664126,TB,3666667,
643377,TB,2365000,
656876,TB,2250000,
669358,TB,1450000,
664076,TB,1200000,
605288,TB,958065,
642121,TB,900000,
670955,TB,815000,
687330,TB,776100,
686752,TB,774600,
655889,TB,769400,
641329,TB,768700,
594798,TEX,40000000,
543135,TEX,22000000,
641816,TEX,16500000,
592351,TEX,13000000,
518876,TEX,7000000,
455119,TEX,5500000,
543056,TEX,3000000,
641540,TEX,2660000,1616022.0
571948,TEX,2500000,
664208,TEX,2000000,
592426,TEX,1500000,
542888,TEX,1250000,
657097,TEX,1250000,
614179,TEX,1225000,
571578,TEX,1100000,
668390,TEX,780000,
676395,TEX,772500,
683004,TEX,762500,
592332,TOR,23000000,
605135,TOR,22000000,
621244,TOR,18714286,
453286,TOR,15500000,
643338,TOR,10500000,
669456,TOR,10000000,
622554,TOR,8000000,
656546,TOR,7666667,
554340,TOR,7500000,
684320,TOR,7000000,
657024,TOR,3000000,
641778,TOR,1797849,
680704,TOR,1630000,
622253,TOR,1400000,
605513,TOR,1000000,
647315,TOR,900000,
686973,TOR,786150,
670102,TOR,781500,
663893,TOR,771800,
680755,TOR,760000,
702056,TOR,760000,
570632,TOR,272849,
647336,WSH,9000000,6096774.0
592866,WSH,7000000,
640448,WSH,6000000,4096774.0
605347,WSH,3000000,
608371,WSH,3000000,
669022,WSH,2890000,
829272,WSH,1500000,
605177,WSH,1000000,677419.0
663623,WSH,774600,
666168,WSH,770000,
680730,WSH,767200,
678606,WSH,765400,
676917,WSH,760200,
695418,WSH,760000,
472610,WSH,339140,93979.0
621363,WSH,293548,
543243,STL,25000000,
571945,STL,17666667,
660896,STL,1500000,
668941,STL,2260000,
667463,STL,1605000,
669467,STL,2100000,
669461,STL,775800,
676617,STL,780000,
681517,STL,767000,
694335,STL,760000,
571927,STL,12500000,8693548.0
664854,STL,8200000,5554839.0
607200,STL,7500000,4959677.0
664208,STL,2000000,1365591.0
